[
  {
    "id": 1,
    "priority": 1,
    "action": {
      "type": "modifyHeaders",
      "requestHeaders": [
        {
          "header": "Origin",
          "operation": "set",
          "value": "https://backend.boring.tax"
        },
        {
          "header": "Sec-Fetch-Site",
          "operation": "set",
          "value": "same-origin"
        },
        {
          "header": "Sec-Fetch-Mode",
          "operation": "set",
          "value": "cors"
        },
        {
          "header": "Sec-Fetch-Dest",
          "operation": "set",
          "value": "empty"
        }
      ]
    },
    "condition": {
      "urlFilter": "backend.boring.tax",
      "resourceTypes": ["xmlhttprequest", "other"]
    }
  }
]
